<?xml version="1.0" encoding="UTF-8"?>
<project-private xmlns="http://www.netbeans.org/ns/project-private/1">
    <editor-bookmarks xmlns="http://www.netbeans.org/ns/editor-bookmarks/2" lastBookmarkId="0"/>
    <open-files xmlns="http://www.netbeans.org/ns/projectui-open-files/2">
        <group>
            <file>file:/C:/Users/Manuel%20Celi/Documents/NetBeansProjects/FirmaElectronica/src/interfaz/VentanaFirmador.java</file>
            <file>file:/C:/Users/Manuel%20Celi/Documents/NetBeansProjects/FirmaElectronica/src/modelo/Controlador.java</file>
            <file>file:/C:/Users/Manuel%20Celi/Documents/NetBeansProjects/FirmaElectronica/src/interfaz/Inicio.java</file>
            <file>file:/C:/Users/Manuel%20Celi/Documents/NetBeansProjects/FirmaElectronica/src/firmaelectronica/FirmaElectronica.java</file>
        </group>
    </open-files>
</project-private>
